episode,reason,distance,elapsed_time,score,timestamp
7,超出邊界,0.811,4.9,552,2025-11-13 19:39:20
8,超出邊界,2.033,6.2,329,2025-11-13 19:39:21
6,超時,1.676,7.0,373,2025-11-13 19:39:23
3,超時,1.46,7.2,406,2025-11-13 19:39:24
9,超出邊界,1.77,5.9,360,2025-11-13 19:39:24
1,超時,1.683,7.2,372,2025-11-13 19:39:25
2,超時,2.028,7.1,330,2025-11-13 19:39:25
4,超時,1.239,7.2,446,2025-11-13 19:39:26
5,超時,0.943,7.2,514,2025-11-13 19:39:27
18,超出邊界,1.865,0.2,349,2025-11-13 19:39:32
17,超時,1.527,7.1,395,2025-11-13 19:39:35
16,超時,1.028,7.1,493,2025-11-13 19:39:36
15,超時,1.517,7.2,397,2025-11-13 19:39:37
12,超時,2.149,7.2,317,2025-11-13 19:39:39
10,超時,1.05,7.2,487,2025-11-13 19:39:40
11,超時,0.982,7.1,504,2025-11-13 19:39:41
14,超時,0.97,7.2,507,2025-11-13 19:39:42
13,超時,0.952,7.3,512,2025-11-13 19:39:43
27,超時,1.577,7.1,388,2025-11-13 19:39:45
26,超時,1.741,7.0,364,2025-11-13 19:39:48
25,超時,1.676,7.1,373,2025-11-13 19:39:51
24,超時,0.701,7.2,588,2025-11-13 19:39:53
19,超時,1.988,7.2,334,2025-11-13 19:39:53
20,超時,1.708,7.1,369,2025-11-13 19:39:55
23,超時,0.782,7.2,561,2025-11-13 19:39:56
22,超時,1.801,7.1,357,2025-11-13 19:39:58
36,超出邊界,2.032,6.3,329,2025-11-13 19:39:58
35,超時,0.827,7.2,547,2025-11-13 19:40:03
34,超時,1.534,7.1,394,2025-11-13 19:40:06
33,超時,0.84,7.1,543,2025-11-13 19:40:08
28,超時,0.863,7.1,536,2025-11-13 19:40:08
29,超時,1.227,7.0,449,2025-11-13 19:40:10
32,超出邊界,1.083,6.5,479,2025-11-13 19:40:11
31,超時,1.341,7.2,427,2025-11-13 19:40:12
45,超時,1.306,7.2,433,2025-11-13 19:40:14
44,超時,1.457,7.1,406,2025-11-13 19:40:18
42,超出邊界,2.121,4.4,320,2025-11-13 19:40:20
43,超時,1.454,7.1,407,2025-11-13 19:40:21
21,超時,1.541,7.1,393,2025-11-13 19:40:22
37,超時,1.452,7.2,407,2025-11-13 19:40:24
38,超時,1.402,7.1,416,2025-11-13 19:40:25
41,超時,0.964,7.1,509,2025-11-13 19:40:26
40,超時,1.625,7.2,380,2025-11-13 19:40:28
54,超時,0.787,7.2,559,2025-11-13 19:40:29
53,超時,0.518,7.1,658,2025-11-13 19:40:33
51,超出邊界,1.984,6.3,335,2025-11-13 19:40:34
30,抵達目標,0.237,5.7,808,2025-11-13 19:40:36
47,超出邊界,2.156,4.3,316,2025-11-13 19:40:37
46,超時,0.365,7.2,732,2025-11-13 19:40:38
50,超時,0.862,7.1,537,2025-11-13 19:40:41
49,超時,0.895,7.2,527,2025-11-13 19:40:43
63,超時,0.612,7.2,620,2025-11-13 19:40:43
60,超時,1.102,7.1,475,2025-11-13 19:40:48
55,超出邊界,1.898,2.2,345,2025-11-13 19:40:48
39,超時,1.09,7.3,478,2025-11-13 19:40:49
56,超時,1.344,7.2,426,2025-11-13 19:40:52
59,超時,1.312,7.0,432,2025-11-13 19:40:56
72,超出邊界,2.264,6.8,306,2025-11-13 19:40:57
58,超時,0.843,7.2,542,2025-11-13 19:40:58
69,超出邊界,1.397,5.1,417,2025-11-13 19:41:01
48,超時,1.152,7.0,464,2025-11-13 19:41:02
64,超時,1.383,7.0,419,2025-11-13 19:41:03
81,超出邊界,2.302,2.9,302,2025-11-13 19:41:08
65,超時,1.233,7.2,447,2025-11-13 19:41:08
68,超時,1.096,7.2,477,2025-11-13 19:41:12
67,超時,0.558,7.0,641,2025-11-13 19:41:14
78,超時,1.648,7.0,377,2025-11-13 19:41:15
57,超時,1.387,7.1,418,2025-11-13 19:41:17
73,超時,0.776,7.1,562,2025-11-13 19:41:18
74,超時,0.211,7.1,825,2025-11-13 19:41:22
90,超時,1.655,7.0,376,2025-11-13 19:41:25
76,超時,1.188,7.1,457,2025-11-13 19:41:27
87,超時,1.493,7.2,401,2025-11-13 19:41:29
66,超出邊界,2.179,6.3,314,2025-11-13 19:41:29
82,超出邊界,2.419,7.2,292,2025-11-13 19:41:32
83,超出邊界,2.383,3.6,295,2025-11-13 19:41:33
85,超出邊界,1.316,2.7,431,2025-11-13 19:41:36
91,超出邊界,1.902,4.1,344,2025-11-13 19:41:42
96,超出邊界,1.416,5.4,413,2025-11-13 19:41:42
75,超時,1.113,7.1,473,2025-11-13 19:41:43
92,超時,1.729,7.1,366,2025-11-13 19:41:47
94,抵達目標,0.21,5.2,826,2025-11-13 19:41:48
105,超出邊界,1.463,0.2,406,2025-11-13 19:41:50
84,超出邊界,2.027,2.2,330,2025-11-13 19:41:53
100,超時,0.753,7.1,570,2025-11-13 19:41:56
101,超時,0.447,7.1,690,2025-11-13 19:42:02
103,超時,0.714,7.2,583,2025-11-13 19:42:03
114,超出邊界,2.351,7.0,298,2025-11-13 19:42:04
93,超時,1.505,7.2,399,2025-11-13 19:42:07
109,超時,1.174,7.2,459,2025-11-13 19:42:08
123,超出邊界,1.776,1.8,360,2025-11-13 19:42:12
112,超出邊界,1.508,4.3,398,2025-11-13 19:42:13
110,超時,0.735,7.0,576,2025-11-13 19:42:16
102,超出邊界,1.427,4.9,412,2025-11-13 19:42:19
118,超出邊界,1.229,5.2,448,2025-11-13 19:42:20
132,超出邊界,2.086,6.1,324,2025-11-13 19:42:26
119,超時,1.4,7.2,416,2025-11-13 19:42:29
127,超出邊界,2.351,3.6,298,2025-11-13 19:42:29
111,超時,1.258,7.2,442,2025-11-13 19:42:32
141,超時,1.441,7.2,409,2025-11-13 19:42:39
128,超時,0.839,7.1,543,2025-11-13 19:42:42
136,超時,1.836,7.1,352,2025-11-13 19:42:43
120,超時,0.75,7.1,571,2025-11-13 19:42:44
150,超時,0.96,7.1,510,2025-11-13 19:42:52
129,超出邊界,0.822,2.7,548,2025-11-13 19:42:53
137,超出邊界,0.652,5.9,605,2025-11-13 19:42:53
145,超時,1.585,7.1,386,2025-11-13 19:42:56
138,超出邊界,1.8,6.3,357,2025-11-13 19:43:05
154,超出邊界,2.129,3.0,319,2025-11-13 19:43:06
146,超出邊界,1.153,4.7,464,2025-11-13 19:43:06
4,超出邊界,1.855,3.5,350,2025-11-13 19:46:44
6,超出邊界,2.037,3.0,329,2025-11-13 19:46:44
7,超出邊界,1.918,2.9,342,2025-11-13 19:46:45
8,超出邊界,1.059,4.5,485,2025-11-13 19:46:45
1,超時,1.808,7.1,356,2025-11-13 19:46:47
3,超時,1.303,7.2,434,2025-11-13 19:46:48
2,超時,0.803,7.0,554,2025-11-13 19:46:50
9,超時,1.595,7.2,385,2025-11-13 19:46:50
16,超出邊界,2.055,0.2,327,2025-11-13 19:46:52
5,超時,0.352,7.2,739,2025-11-13 19:46:53
15,超時,0.904,7.1,525,2025-11-13 19:46:57
13,超時,2.224,7.1,310,2025-11-13 19:46:58
17,超時,1.648,7.1,377,2025-11-13 19:46:59
18,超出邊界,1.713,2.5,368,2025-11-13 19:47:00
11,抵達目標,0.246,4.2,802,2025-11-13 19:47:01
10,超時,0.856,7.1,538,2025-11-13 19:47:01
12,超時,1.436,7.2,410,2025-11-13 19:47:02
25,超出邊界,1.742,4.9,364,2025-11-13 19:47:03
14,超時,1.271,7.2,440,2025-11-13 19:47:07
24,超出邊界,1.853,2.5,350,2025-11-13 19:47:08
22,抵達目標,0.226,6.1,815,2025-11-13 19:47:12
26,超時,1.057,7.3,486,2025-11-13 19:47:12
20,超時,1.627,7.0,380,2025-11-13 19:47:14
27,超時,0.568,7.1,637,2025-11-13 19:47:14
19,超時,1.691,7.2,371,2025-11-13 19:47:15
21,超時,0.245,7.3,803,2025-11-13 19:47:16
34,超時,1.613,7.1,382,2025-11-13 19:47:17
23,超出邊界,2.114,3.6,321,2025-11-13 19:47:19
31,抵達目標,0.096,0.3,912,2025-11-13 19:47:20
35,超出邊界,1.971,2.5,336,2025-11-13 19:47:23
33,超時,0.291,7.1,774,2025-11-13 19:47:23
29,超時,0.608,7.1,622,2025-11-13 19:47:29
36,超時,0.632,7.3,612,2025-11-13 19:47:29
28,超時,1.713,7.1,368,2025-11-13 19:47:30
30,超時,1.396,7.0,417,2025-11-13 19:47:31
43,超時,1.082,7.2,480,2025-11-13 19:47:33
32,超時,1.333,7.2,428,2025-11-13 19:47:33
44,超出邊界,1.843,3.3,351,2025-11-13 19:47:35
40,超時,1.345,7.1,426,2025-11-13 19:47:36
42,超時,1.379,7.2,420,2025-11-13 19:47:39
45,超出邊界,1.552,2.5,391,2025-11-13 19:47:40
38,超時,0.897,7.1,527,2025-11-13 19:47:44
39,超時,0.948,7.3,513,2025-11-13 19:47:46
37,超時,1.649,7.0,377,2025-11-13 19:47:46
41,超時,1.409,7.0,415,2025-11-13 19:47:47
52,超時,1.093,7.1,477,2025-11-13 19:47:48
53,超時,1.306,7.1,433,2025-11-13 19:47:50
49,超時,0.647,7.1,607,2025-11-13 19:47:51
51,超出邊界,2.287,5.7,304,2025-11-13 19:47:53
54,超出邊界,1.897,6.2,345,2025-11-13 19:47:54
47,超時,1.41,7.0,415,2025-11-13 19:47:58
60,超出邊界,2.283,0.3,304,2025-11-13 19:48:00
46,超時,1.224,7.2,449,2025-11-13 19:48:00
48,超時,1.512,7.0,398,2025-11-13 19:48:00
61,超時,1.84,7.3,352,2025-11-13 19:48:01
50,超時,1.199,7.1,454,2025-11-13 19:48:01
62,超出邊界,2.067,5.8,326,2025-11-13 19:48:03
58,超時,0.422,7.1,703,2025-11-13 19:48:06
56,超出邊界,2.098,3.2,322,2025-11-13 19:48:08
63,超時,1.639,7.2,378,2025-11-13 19:48:08
55,超時,1.135,7.3,468,2025-11-13 19:48:14
70,超時,1.204,7.2,453,2025-11-13 19:48:15
57,超時,1.023,7.1,494,2025-11-13 19:48:15
59,超時,1.49,7.2,401,2025-11-13 19:48:17
71,超時,1.197,7.2,455,2025-11-13 19:48:17
72,超出邊界,1.912,3.5,343,2025-11-13 19:48:18
67,超時,0.805,7.1,553,2025-11-13 19:48:20
65,超時,1.413,7.2,414,2025-11-13 19:48:21
81,超出邊界,2.111,2.5,321,2025-11-13 19:48:27
66,超出邊界,1.781,3.8,359,2025-11-13 19:48:27
79,超出邊界,1.712,5.0,368,2025-11-13 19:48:27
64,超時,0.942,7.2,515,2025-11-13 19:48:29
80,超出邊界,1.716,6.8,368,2025-11-13 19:48:31
68,超時,0.996,7.1,500,2025-11-13 19:48:31
76,超時,0.74,7.2,574,2025-11-13 19:48:35
90,超出邊界,2.034,2.4,329,2025-11-13 19:48:37
75,超出邊界,1.048,3.0,488,2025-11-13 19:48:38
88,超時,1.041,7.3,489,2025-11-13 19:48:41
77,超出邊界,1.825,3.0,353,2025-11-13 19:48:42
69,超時,0.49,7.1,671,2025-11-13 19:48:42
73,超時,1.191,7.2,456,2025-11-13 19:48:43
89,超時,1.192,7.2,456,2025-11-13 19:48:46
85,超時,1.236,7.1,447,2025-11-13 19:48:48
99,超時,1.506,7.2,398,2025-11-13 19:48:51
84,超時,1.617,7.3,382,2025-11-13 19:48:54
97,超時,1.314,7.1,432,2025-11-13 19:48:55
86,超時,1.217,7.1,451,2025-11-13 19:48:56
78,超時,0.342,7.1,745,2025-11-13 19:48:57
82,超時,1.344,7.1,426,2025-11-13 19:48:57
98,超時,1.305,7.1,433,2025-11-13 19:49:00
94,超時,1.401,7.1,416,2025-11-13 19:49:02
108,超時,0.79,7.2,558,2025-11-13 19:49:05
106,超時,1.397,7.1,417,2025-11-13 19:49:09
93,超時,2.003,7.2,333,2025-11-13 19:49:09
87,超時,0.752,7.1,570,2025-11-13 19:49:10
95,超時,1.151,7.1,464,2025-11-13 19:49:11
91,超時,1.666,7.4,375,2025-11-13 19:49:12
107,超時,0.219,7.2,820,2025-11-13 19:49:15
103,超時,0.459,7.2,685,2025-11-13 19:49:18
102,超出邊界,1.717,2.7,368,2025-11-13 19:49:18
117,超時,0.836,7.1,544,2025-11-13 19:49:21
115,超出邊界,1.9,6.7,344,2025-11-13 19:49:21
96,超時,1.512,7.0,398,2025-11-13 19:49:25
104,超時,1.013,7.1,496,2025-11-13 19:49:26
111,超出邊界,1.782,1.7,359,2025-11-13 19:49:27
74,超時,1.256,72.3,443,2025-11-13 19:49:27
100,超時,1.288,7.2,437,2025-11-13 19:49:27
116,超時,0.349,7.1,741,2025-11-13 19:49:29
112,超時,0.549,7.0,645,2025-11-13 19:49:31
126,超時,0.839,7.0,543,2025-11-13 19:49:35
124,超時,1.005,7.0,498,2025-11-13 19:49:35
105,超出邊界,1.935,5.3,340,2025-11-13 19:49:39
125,抵達目標,0.235,4.0,809,2025-11-13 19:49:39
113,超時,1.68,7.1,373,2025-11-13 19:49:40
109,超時,1.476,7.1,403,2025-11-13 19:49:41
120,超時,1.534,7.3,394,2025-11-13 19:49:42
121,超時,0.729,7.0,578,2025-11-13 19:49:47
135,超時,1.113,7.1,473,2025-11-13 19:49:49
133,超時,0.335,7.1,749,2025-11-13 19:49:50
114,超時,1.612,7.3,382,2025-11-13 19:49:52
134,超出邊界,1.804,5.8,356,2025-11-13 19:49:53
122,超時,1.59,7.1,386,2025-11-13 19:49:55
129,超時,0.396,7.1,716,2025-11-13 19:49:56
118,超時,1.105,7.2,475,2025-11-13 19:49:57
130,超時,1.052,7.3,487,2025-11-13 19:50:02
144,超時,1.373,7.0,421,2025-11-13 19:50:03
123,超出邊界,2.211,5.3,311,2025-11-13 19:50:05
142,超時,0.793,7.3,557,2025-11-13 19:50:06
143,超時,1.473,7.3,404,2025-11-13 19:50:08
83,超時,1.171,7.3,460,2025-11-13 19:50:09
131,超時,0.485,7.2,673,2025-11-13 19:50:10
127,超時,1.527,7.0,395,2025-11-13 19:50:11
138,超時,1.933,7.2,340,2025-11-13 19:50:12
132,超出邊界,2.231,0.3,309,2025-11-13 19:50:13
139,超時,1.302,7.2,434,2025-11-13 19:50:16
153,超出邊界,1.074,6.4,482,2025-11-13 19:50:18
151,超時,0.804,7.2,554,2025-11-13 19:50:21
152,超出邊界,1.731,6.7,366,2025-11-13 19:50:23
92,超出邊界,1.771,6.7,360,2025-11-13 19:50:24
147,超出邊界,1.762,5.3,362,2025-11-13 19:50:25
140,超時,2.023,7.1,330,2025-11-13 19:50:26
136,超時,1.268,7.3,440,2025-11-13 19:50:27
141,超時,1.294,7.1,435,2025-11-13 19:50:28
148,超時,1.417,7.0,413,2025-11-13 19:50:31
162,超時,1.381,7.2,419,2025-11-13 19:50:32
160,超時,0.911,7.1,523,2025-11-13 19:50:35
156,超出邊界,2.088,4.6,323,2025-11-13 19:50:36
161,超時,0.888,7.4,529,2025-11-13 19:50:37
101,超時,0.571,7.1,636,2025-11-13 19:50:37
150,超出邊界,1.843,3.2,351,2025-11-13 19:50:38
149,超時,1.301,7.2,434,2025-11-13 19:50:39
145,超時,1.765,7.2,361,2025-11-13 19:50:41
157,超時,1.31,7.2,432,2025-11-13 19:50:46
171,超時,1.078,7.2,481,2025-11-13 19:50:47
165,超出邊界,1.801,5.4,356,2025-11-13 19:50:50
169,超時,1.333,7.2,428,2025-11-13 19:50:50
158,超出邊界,2.022,3.5,330,2025-11-13 19:50:50
110,超時,1.267,7.1,441,2025-11-13 19:50:53
170,超時,0.253,7.1,798,2025-11-13 19:50:53
159,超時,1.821,7.1,354,2025-11-13 19:50:53
154,超時,1.171,7.2,460,2025-11-13 19:50:54
166,超出邊界,1.04,4.6,490,2025-11-13 19:50:58
180,超時,1.545,7.2,393,2025-11-13 19:51:02
178,超時,0.771,7.2,564,2025-11-13 19:51:04
174,超時,0.888,7.0,529,2025-11-13 19:51:04
167,超時,0.685,7.2,593,2025-11-13 19:51:06
119,超時,0.8,7.3,555,2025-11-13 19:51:07
179,超時,1.569,7.0,389,2025-11-13 19:51:08
168,超出邊界,1.842,6.8,351,2025-11-13 19:51:09
163,超時,1.543,7.3,393,2025-11-13 19:51:10
175,超時,0.856,7.2,538,2025-11-13 19:51:13
189,超時,1.313,7.0,432,2025-11-13 19:51:17
183,超時,1.062,7.2,485,2025-11-13 19:51:19
187,超時,0.686,7.2,593,2025-11-13 19:51:21
188,超出邊界,1.826,4.4,353,2025-11-13 19:51:21
176,超時,1.691,7.2,371,2025-11-13 19:51:21
128,超時,0.606,7.0,622,2025-11-13 19:51:22
177,超時,1.022,7.1,494,2025-11-13 19:51:24
172,超時,1.606,7.1,383,2025-11-13 19:51:26
184,超時,1.553,7.2,391,2025-11-13 19:51:28
198,超時,1.034,7.1,491,2025-11-13 19:51:32
192,超時,1.267,7.2,441,2025-11-13 19:51:33
196,超時,1.192,7.2,456,2025-11-13 19:51:34
197,超時,0.529,7.1,654,2025-11-13 19:51:35
137,超時,1.389,7.0,418,2025-11-13 19:51:37
185,超時,0.321,7.1,757,2025-11-13 19:51:38
186,超時,0.554,7.2,643,2025-11-13 19:51:39
181,超時,1.41,7.2,414,2025-11-13 19:51:41
193,超時,1.244,7.1,445,2025-11-13 19:51:43
207,超時,1.645,7.0,378,2025-11-13 19:51:47
201,超時,1.079,7.1,480,2025-11-13 19:51:48
205,超時,2.005,7.2,332,2025-11-13 19:51:50
206,超時,0.642,7.1,609,2025-11-13 19:51:50
146,超時,0.659,7.1,602,2025-11-13 19:51:53
190,超出邊界,2.098,3.5,322,2025-11-13 19:51:53
195,超時,1.482,7.0,402,2025-11-13 19:51:54
194,超時,1.417,7.0,413,2025-11-13 19:51:54
202,超時,1.486,7.1,402,2025-11-13 19:51:56
210,超出邊界,1.488,5.5,401,2025-11-13 19:52:02
216,超時,1.114,7.2,473,2025-11-13 19:52:02
214,超時,1.554,7.0,391,2025-11-13 19:52:04
215,超時,1.193,7.2,456,2025-11-13 19:52:05
155,超時,1.555,7.2,391,2025-11-13 19:52:07
199,超時,1.854,7.1,350,2025-11-13 19:52:08
211,超出邊界,2.08,6.6,324,2025-11-13 19:52:09
203,超時,0.981,7.2,504,2025-11-13 19:52:09
204,超時,1.122,7.1,471,2025-11-13 19:52:10
219,超時,0.855,7.1,539,2025-11-13 19:52:15
225,超時,0.827,7.1,547,2025-11-13 19:52:17
220,超出邊界,2.07,0.3,325,2025-11-13 19:52:19
223,超時,1.607,7.0,383,2025-11-13 19:52:19
224,超時,0.724,7.1,579,2025-11-13 19:52:20
164,超時,1.433,7.2,410,2025-11-13 19:52:21
208,超時,1.6,7.1,384,2025-11-13 19:52:22
212,超時,1.097,7.3,476,2025-11-13 19:52:23
213,超時,1.608,7.1,383,2025-11-13 19:52:25
228,超出邊界,0.918,0.3,521,2025-11-13 19:52:25
234,超時,1.795,7.1,357,2025-11-13 19:52:32
233,超出邊界,1.002,4.5,499,2025-11-13 19:52:33
229,超時,1.14,7.1,467,2025-11-13 19:52:34
232,超時,1.591,7.2,385,2025-11-13 19:52:36
237,抵達目標,0.224,4.8,816,2025-11-13 19:52:36
173,超時,1.166,7.1,461,2025-11-13 19:52:36
217,超時,1.204,7.2,453,2025-11-13 19:52:37
221,超時,1.564,7.0,390,2025-11-13 19:52:39
243,超出邊界,1.882,0.2,347,2025-11-13 19:52:40
242,超出邊界,1.059,0.4,485,2025-11-13 19:52:42
222,超時,0.832,7.1,545,2025-11-13 19:52:42
238,超時,0.831,7.1,546,2025-11-13 19:52:49
230,超出邊界,1.705,1.5,369,2025-11-13 19:52:49
241,超時,0.47,7.0,680,2025-11-13 19:52:51
246,超時,0.636,7.1,611,2025-11-13 19:52:52
182,超時,0.916,7.1,521,2025-11-13 19:52:53
226,超時,0.873,7.2,533,2025-11-13 19:52:54
252,超時,1.376,7.2,420,2025-11-13 19:52:54
251,超時,0.882,7.0,531,2025-11-13 19:52:55
231,超時,1.099,7.3,476,2025-11-13 19:52:57
239,超出邊界,1.854,3.8,350,2025-11-13 19:53:01
255,超出邊界,1.928,3.5,341,2025-11-13 19:53:03
247,超時,1.445,7.2,409,2025-11-13 19:53:03
250,超時,0.293,7.2,773,2025-11-13 19:53:05
191,超出邊界,1.735,6.2,365,2025-11-13 19:53:06
240,超出邊界,1.993,2.4,334,2025-11-13 19:53:07
235,超時,1.672,7.2,374,2025-11-13 19:53:08
260,超時,0.558,7.1,641,2025-11-13 19:53:10
261,超時,1.722,7.2,367,2025-11-13 19:53:11
248,超時,1.44,7.2,409,2025-11-13 19:53:15
264,超時,1.223,7.0,449,2025-11-13 19:53:17
256,超時,1.683,7.3,372,2025-11-13 19:53:19
259,超時,0.452,7.2,688,2025-11-13 19:53:20
249,超出邊界,1.723,5.7,367,2025-11-13 19:53:20
200,超時,0.977,7.2,505,2025-11-13 19:53:22
244,抵達目標,0.233,6.4,811,2025-11-13 19:53:23
269,超時,1.113,7.2,473,2025-11-13 19:53:25
270,超時,1.228,7.2,448,2025-11-13 19:53:26
257,超時,1.682,7.4,372,2025-11-13 19:53:29
273,超時,1.262,7.2,442,2025-11-13 19:53:31
265,超出邊界,1.775,6.3,360,2025-11-13 19:53:31
258,超出邊界,1.821,5.4,354,2025-11-13 19:53:34
268,超時,0.786,7.2,560,2025-11-13 19:53:34
253,超時,1.28,7.2,438,2025-11-13 19:53:36
209,超時,0.336,7.0,748,2025-11-13 19:53:37
274,超出邊界,1.834,0.3,352,2025-11-13 19:53:38
278,超時,0.384,7.0,722,2025-11-13 19:53:39
279,超時,0.66,7.0,602,2025-11-13 19:53:41
266,超時,1.826,7.2,353,2025-11-13 19:53:43
282,超時,1.857,7.3,350,2025-11-13 19:53:46
267,超時,0.437,7.3,696,2025-11-13 19:53:48
277,超時,0.726,7.1,579,2025-11-13 19:53:49
262,超時,1.109,7.0,474,2025-11-13 19:53:51
288,超出邊界,1.465,3.3,405,2025-11-13 19:53:51
218,超時,1.14,7.1,467,2025-11-13 19:53:52
287,超時,1.166,7.2,461,2025-11-13 19:53:54
283,超時,1.212,7.1,452,2025-11-13 19:53:55
275,超時,0.935,7.2,516,2025-11-13 19:53:58
291,超出邊界,2.133,6.1,319,2025-11-13 19:53:58
276,超時,0.262,7.2,792,2025-11-13 19:54:02
286,超時,0.959,7.2,510,2025-11-13 19:54:03
271,超時,1.26,7.2,442,2025-11-13 19:54:04
227,超出邊界,1.841,5.1,351,2025-11-13 19:54:05
297,超時,0.891,7.2,528,2025-11-13 19:54:05
296,超出邊界,1.247,6.9,445,2025-11-13 19:54:08
292,超時,1.456,7.1,407,2025-11-13 19:54:09
284,超時,1.796,7.1,357,2025-11-13 19:54:13
300,超時,1.22,7.2,450,2025-11-13 19:54:13
285,超出邊界,2.208,5.8,311,2025-11-13 19:54:16
236,超出邊界,1.801,6.2,357,2025-11-13 19:54:19
295,超時,1.6,7.2,384,2025-11-13 19:54:19
280,超時,0.746,7.0,572,2025-11-13 19:54:19
306,超時,1.273,7.2,440,2025-11-13 19:54:19
305,超時,0.362,7.2,734,2025-11-13 19:54:25
301,超時,1.916,7.2,342,2025-11-13 19:54:25
293,超時,0.837,7.2,544,2025-11-13 19:54:27
309,超時,0.723,7.1,580,2025-11-13 19:54:29
294,超時,1.678,7.3,373,2025-11-13 19:54:30
245,超時,0.521,7.2,657,2025-11-13 19:54:32
304,超時,1.884,7.1,346,2025-11-13 19:54:33
315,超時,0.855,7.2,538,2025-11-13 19:54:36
289,超時,0.732,7.1,577,2025-11-13 19:54:36
314,抵達目標,0.215,4.7,823,2025-11-13 19:54:37
310,超時,0.887,7.1,529,2025-11-13 19:54:39
302,超出邊界,1.72,5.3,367,2025-11-13 19:54:40
318,超出邊界,0.896,3.9,527,2025-11-13 19:54:42
254,超出邊界,1.975,3.8,336,2025-11-13 19:54:44
298,超出邊界,1.118,2.4,472,2025-11-13 19:54:46
303,超時,1.045,7.2,488,2025-11-13 19:54:46
313,超時,1.833,7.1,353,2025-11-13 19:54:48
324,超時,1.755,7.2,362,2025-11-13 19:54:52
323,超時,0.477,7.2,677,2025-11-13 19:54:52
311,超出邊界,1.804,5.0,356,2025-11-13 19:54:52
319,超時,0.873,7.2,533,2025-11-13 19:54:53
327,超時,1.416,7.1,413,2025-11-13 19:54:56
307,超時,1.036,7.1,491,2025-11-13 19:54:59
312,超時,0.929,7.3,518,2025-11-13 19:55:00
322,超時,1.524,7.1,396,2025-11-13 19:55:03
333,超時,1.111,7.1,473,2025-11-13 19:55:06
320,超時,1.053,7.2,486,2025-11-13 19:55:07
332,超時,1.838,7.2,352,2025-11-13 19:55:09
328,超時,1.675,7.1,373,2025-11-13 19:55:09
336,超出邊界,1.867,6.7,348,2025-11-13 19:55:10
316,超時,1.021,7.1,494,2025-11-13 19:55:14
321,超時,1.541,7.2,393,2025-11-13 19:55:15
331,超時,1.329,7.2,429,2025-11-13 19:55:18
345,超出邊界,1.927,0.3,341,2025-11-13 19:55:20
329,超時,1.318,7.2,431,2025-11-13 19:55:22
337,超時,1.126,7.2,470,2025-11-13 19:55:24
325,超時,1.114,7.3,473,2025-11-13 19:55:29
340,超出邊界,1.875,5.1,347,2025-11-13 19:55:30
330,超時,0.722,7.0,580,2025-11-13 19:55:31
354,超出邊界,1.828,5.9,353,2025-11-13 19:55:31
338,超時,1.395,7.1,417,2025-11-13 19:55:35
346,超出邊界,0.645,7.2,607,2025-11-13 19:55:37
334,超出邊界,1.756,3.9,362,2025-11-13 19:55:40
349,超出邊界,1.925,3.1,341,2025-11-13 19:55:41
363,超時,1.759,7.1,362,2025-11-13 19:55:45
343,超出邊界,1.881,0.3,347,2025-11-13 19:55:47
263,超時,0.679,67.3,595,2025-11-13 19:55:48
347,超時,1.776,7.1,360,2025-11-13 19:55:49
358,超出邊界,2.038,6.8,329,2025-11-13 19:55:56
356,超出邊界,1.805,3.3,356,2025-11-13 19:55:59
372,超時,1.411,7.1,414,2025-11-13 19:55:59
352,超出邊界,2.01,6.4,332,2025-11-13 19:56:01
365,超出邊界,1.547,3.4,392,2025-11-13 19:56:09
342,超時,0.562,70.6,640,2025-11-13 19:56:10
367,超時,1.347,7.0,426,2025-11-13 19:56:10
339,超時,0.768,7.1,565,2025-11-13 19:56:12
341,超時,1.311,71.8,432,2025-11-13 19:56:13
381,超時,1.514,7.1,397,2025-11-13 19:56:14
361,超時,1.496,7.3,400,2025-11-13 19:56:15
374,超出邊界,1.615,0.2,382,2025-11-13 19:56:17
376,超出邊界,1.811,2.3,355,2025-11-13 19:56:22
351,超出邊界,0.814,6.8,551,2025-11-13 19:56:24
390,超出邊界,1.331,2.7,428,2025-11-13 19:56:25
348,超時,1.622,7.2,381,2025-11-13 19:56:27
370,抵達目標,0.191,5.0,839,2025-11-13 19:56:28
350,超時,1.481,7.0,403,2025-11-13 19:56:29
383,超時,1.714,7.3,368,2025-11-13 19:56:33
360,超出邊界,1.905,3.2,344,2025-11-13 19:56:34
385,超時,1.019,7.2,495,2025-11-13 19:56:36
379,抵達目標,0.16,0.5,862,2025-11-13 19:56:38
399,超時,0.588,7.1,629,2025-11-13 19:56:41
355,超時,0.742,71.4,574,2025-11-13 19:56:42
357,超時,0.902,7.1,525,2025-11-13 19:56:42
369,超出邊界,1.899,0.3,344,2025-11-13 19:56:43
359,超時,1.401,7.1,416,2025-11-13 19:56:44
392,超時,0.787,7.2,559,2025-11-13 19:56:47
394,超時,0.594,7.3,627,2025-11-13 19:56:50
272,超時,1.318,131.3,431,2025-11-13 19:56:52
388,超時,1.224,7.1,449,2025-11-13 19:56:53
378,超出邊界,1.731,2.6,366,2025-11-13 19:56:53
408,超時,1.393,7.0,417,2025-11-13 19:56:55
364,超時,0.334,7.2,749,2025-11-13 19:56:57
366,超出邊界,1.238,6.4,446,2025-11-13 19:56:58
368,超時,1.124,7.2,470,2025-11-13 19:57:00
403,超出邊界,2.033,4.2,329,2025-11-13 19:57:01
401,超時,1.236,7.1,447,2025-11-13 19:57:01
281,超時,0.823,7.3,548,2025-11-13 19:57:07
375,超出邊界,1.363,0.3,423,2025-11-13 19:57:08
387,超時,1.094,7.0,477,2025-11-13 19:57:10
397,超時,1.344,7.1,426,2025-11-13 19:57:10
412,超出邊界,0.847,3.6,541,2025-11-13 19:57:12
417,超時,1.338,7.1,427,2025-11-13 19:57:13
410,超出邊界,1.799,3.1,357,2025-11-13 19:57:13
373,超時,0.928,7.4,518,2025-11-13 19:57:15
421,超出邊界,0.976,0.3,506,2025-11-13 19:57:21
290,超時,1.504,7.2,399,2025-11-13 19:57:23
384,超時,0.8,7.0,555,2025-11-13 19:57:25
396,超時,0.941,7.2,515,2025-11-13 19:57:25
406,超時,1.926,7.2,341,2025-11-13 19:57:26
426,超時,0.538,7.2,650,2025-11-13 19:57:28
419,超時,1.643,7.2,378,2025-11-13 19:57:30
382,超時,0.924,7.2,519,2025-11-13 19:57:32
430,超時,1.59,7.0,386,2025-11-13 19:57:37
299,超時,1.46,7.1,406,2025-11-13 19:57:39
405,超出邊界,1.974,5.1,336,2025-11-13 19:57:39
393,超時,1.041,7.2,489,2025-11-13 19:57:40
415,超時,1.596,7.1,385,2025-11-13 19:57:42
377,超時,1.258,7.2,442,2025-11-13 19:57:43
435,超時,1.961,7.1,337,2025-11-13 19:57:44
428,超時,1.607,7.2,383,2025-11-13 19:57:45
391,超出邊界,2.345,3.8,298,2025-11-13 19:57:45
439,超時,1.269,7.2,440,2025-11-13 19:57:53
414,超時,1.113,7.3,473,2025-11-13 19:57:54
402,超時,1.16,7.0,462,2025-11-13 19:57:57
308,超時,0.948,7.0,513,2025-11-13 19:57:58
424,超時,0.705,7.3,586,2025-11-13 19:57:59
386,超出邊界,1.766,6.9,361,2025-11-13 19:57:59
444,超時,1.694,7.2,371,2025-11-13 19:58:01
437,超時,0.414,7.0,707,2025-11-13 19:58:01
400,超時,0.794,7.1,557,2025-11-13 19:58:04
448,超時,1.674,7.2,373,2025-11-13 19:58:08
423,超時,1.658,7.4,376,2025-11-13 19:58:11
411,超時,0.988,7.2,503,2025-11-13 19:58:13
395,超時,0.64,7.0,609,2025-11-13 19:58:15
317,超時,1.685,7.2,372,2025-11-13 19:58:15
433,超時,1.077,7.2,481,2025-11-13 19:58:16
453,超時,1.154,7.0,464,2025-11-13 19:58:16
409,超出邊界,1.409,4.1,415,2025-11-13 19:58:16
446,超時,1.314,7.2,432,2025-11-13 19:58:18
457,超時,0.99,7.2,502,2025-11-13 19:58:26
432,超時,0.643,7.0,608,2025-11-13 19:58:28
420,超時,1.209,7.1,452,2025-11-13 19:58:30
418,超出邊界,1.386,0.3,419,2025-11-13 19:58:30
404,超時,1.609,7.1,383,2025-11-13 19:58:31
326,超時,1.313,7.2,432,2025-11-13 19:58:34
442,超時,0.981,7.1,504,2025-11-13 19:58:34
462,超時,1.646,7.1,377,2025-11-13 19:58:37
466,超出邊界,1.847,3.2,351,2025-11-13 19:58:38
455,超時,1.7,7.2,370,2025-11-13 19:58:38
441,超時,2.042,7.2,328,2025-11-13 19:58:44
429,超時,1.109,7.1,474,2025-11-13 19:58:47
427,超時,1.051,7.2,487,2025-11-13 19:58:48
413,超時,1.443,7.1,409,2025-11-13 19:58:48
335,超時,1.04,7.3,490,2025-11-13 19:58:51
451,超時,0.772,7.1,564,2025-11-13 19:58:51
475,超時,1.225,7.0,449,2025-11-13 19:58:54
464,超時,1.424,7.0,412,2025-11-13 19:58:55
471,超出邊界,1.737,6.5,365,2025-11-13 19:58:55
450,超時,1.374,7.1,421,2025-11-13 19:58:59
438,超出邊界,1.817,5.0,354,2025-11-13 19:59:02
436,超時,1.378,7.0,420,2025-11-13 19:59:03
422,超時,1.445,7.3,409,2025-11-13 19:59:04
344,超時,0.539,7.2,649,2025-11-13 19:59:07
460,超時,1.586,7.2,386,2025-11-13 19:59:08
480,超出邊界,1.879,4.7,347,2025-11-13 19:59:09
484,超時,1.351,7.1,425,2025-11-13 19:59:10
473,超時,0.389,7.0,720,2025-11-13 19:59:11
459,超時,1.237,7.2,446,2025-11-13 19:59:15
447,超時,1.124,7.1,470,2025-11-13 19:59:18
445,超時,1.607,7.1,383,2025-11-13 19:59:20
431,超時,0.675,7.1,597,2025-11-13 19:59:21
353,超時,1.541,7.1,393,2025-11-13 19:59:23
482,超出邊界,1.725,3.9,367,2025-11-13 19:59:24
469,超時,1.297,7.2,435,2025-11-13 19:59:25
489,超時,0.774,7.1,563,2025-11-13 19:59:25
493,超時,0.945,7.2,514,2025-11-13 19:59:27
468,超時,0.936,7.0,516,2025-11-13 19:59:30
456,超時,0.988,7.2,503,2025-11-13 19:59:33
454,超時,1.712,7.1,368,2025-11-13 19:59:37
440,超時,0.832,7.1,545,2025-11-13 19:59:37
491,超時,1.421,7.0,413,2025-11-13 19:59:40
498,超時,1.014,7.2,496,2025-11-13 19:59:40
478,超時,0.714,7.0,583,2025-11-13 19:59:40
502,超時,0.551,7.2,644,2025-11-13 19:59:43
477,超時,0.779,7.1,562,2025-11-13 19:59:47
465,超出邊界,1.746,6.4,364,2025-11-13 19:59:47
449,超時,0.768,7.2,565,2025-11-13 19:59:54
500,超時,1.828,7.3,353,2025-11-13 19:59:55
487,超時,1.339,7.0,427,2025-11-13 19:59:57
511,超時,1.243,7.3,445,2025-11-13 20:00:01
486,超時,1.397,7.1,417,2025-11-13 20:00:01
474,超時,1.6,7.1,384,2025-11-13 20:00:03
362,超時,0.263,7.2,791,2025-11-13 20:00:06
458,抵達目標,0.247,5.6,801,2025-11-13 20:00:06
496,超時,1.775,7.1,360,2025-11-13 20:00:11
463,超出邊界,2.19,4.3,313,2025-11-13 20:00:16
520,超時,1.048,7.3,488,2025-11-13 20:00:17
495,超時,1.028,7.1,493,2025-11-13 20:00:17
483,超時,1.385,7.0,419,2025-11-13 20:00:18
371,超出邊界,1.717,6.3,368,2025-11-13 20:00:20
467,超時,1.232,7.0,448,2025-11-13 20:00:21
507,超時,0.607,7.0,622,2025-11-13 20:00:23
505,超時,0.482,7.1,674,2025-11-13 20:00:27
472,超時,0.722,7.1,580,2025-11-13 20:00:30
504,超出邊界,1.742,6.2,364,2025-11-13 20:00:32
529,超時,0.839,7.2,543,2025-11-13 20:00:34
380,超時,1.614,7.0,382,2025-11-13 20:00:35
476,超時,0.466,7.3,682,2025-11-13 20:00:36
514,超出邊界,1.781,2.1,359,2025-11-13 20:00:38
492,超時,1.002,7.7,499,2025-11-13 20:00:38
516,超時,1.343,7.1,426,2025-11-13 20:00:39
513,超出邊界,1.711,5.2,368,2025-11-13 20:00:46
481,超時,0.846,7.1,541,2025-11-13 20:00:47
538,超出邊界,2.146,5.7,317,2025-11-13 20:00:49
501,超出邊界,1.753,2.1,363,2025-11-13 20:00:49
389,超時,1.187,7.1,457,2025-11-13 20:00:51
485,超時,1.3,7.2,434,2025-11-13 20:00:51
523,超時,1.24,7.1,446,2025-11-13 20:00:54
525,超時,1.325,7.2,430,2025-11-13 20:00:55
509,超時,1.239,71.4,446,2025-11-13 20:00:59
522,超時,2.068,7.0,325,2025-11-13 20:01:01
490,超時,1.634,7.2,379,2025-11-13 20:01:04
547,超時,1.867,7.1,348,2025-11-13 20:01:04
510,超時,0.712,7.1,584,2025-11-13 20:01:06
398,超時,1.183,7.2,458,2025-11-13 20:01:06
494,超時,0.709,7.1,585,2025-11-13 20:01:07
532,超時,1.461,7.1,406,2025-11-13 20:01:09
534,超時,1.686,7.2,372,2025-11-13 20:01:10
518,超出邊界,1.318,6.7,431,2025-11-13 20:01:15
531,超時,1.574,7.1,388,2025-11-13 20:01:18
519,超時,1.551,7.1,392,2025-11-13 20:01:21
407,超時,0.952,7.0,512,2025-11-13 20:01:22
541,超時,1.138,7.3,467,2025-11-13 20:01:23
503,超時,0.492,7.2,670,2025-11-13 20:01:25
543,超時,1.096,7.0,477,2025-11-13 20:01:26
527,抵達目標,0.225,4.8,816,2025-11-13 20:01:29
540,超出邊界,2.268,4.7,306,2025-11-13 20:01:32
528,超出邊界,2.154,2.2,317,2025-11-13 20:01:33
416,超時,1.993,7.1,334,2025-11-13 20:01:38
550,超出邊界,1.75,4.7,363,2025-11-13 20:01:38
552,超出邊界,2.075,4.9,325,2025-11-13 20:01:40
512,超時,0.776,7.1,563,2025-11-13 20:01:42
536,超時,2.015,7.5,331,2025-11-13 20:01:45
556,超時,1.171,7.2,460,2025-11-13 20:01:47
499,超時,1.149,7.1,465,2025-11-13 20:01:48
549,超出邊界,0.916,7.2,521,2025-11-13 20:01:49
537,超時,2.286,7.0,304,2025-11-13 20:01:49
425,超時,1.036,7.1,491,2025-11-13 20:01:54
559,超時,1.612,7.0,382,2025-11-13 20:01:54
561,超時,0.436,7.3,696,2025-11-13 20:01:56
521,超時,0.632,7.3,612,2025-11-13 20:01:57
558,超出邊界,0.888,0.2,529,2025-11-13 20:01:57
545,超時,1.539,7.0,393,2025-11-13 20:02:01
565,超時,1.084,7.0,479,2025-11-13 20:02:03
508,超時,1.518,7.2,397,2025-11-13 20:02:05
546,超時,1.4,7.0,416,2025-11-13 20:02:07
434,超時,1.248,7.3,444,2025-11-13 20:02:08
568,超時,1.11,7.4,473,2025-11-13 20:02:11
570,超時,1.823,7.1,354,2025-11-13 20:02:13
530,超時,0.991,7.1,502,2025-11-13 20:02:13
567,超時,0.705,7.0,586,2025-11-13 20:02:15
554,超時,1.182,7.1,458,2025-11-13 20:02:18
574,超時,0.73,7.0,577,2025-11-13 20:02:19
517,抵達目標,0.238,6.2,807,2025-11-13 20:02:20
555,超時,0.861,7.3,537,2025-11-13 20:02:22
443,超時,1.13,7.2,469,2025-11-13 20:02:26
579,超出邊界,1.945,4.3,339,2025-11-13 20:02:26
577,超時,1.904,7.0,344,2025-11-13 20:02:26
539,超時,0.36,7.2,735,2025-11-13 20:02:30
576,超時,1.249,7.0,444,2025-11-13 20:02:31
564,超出邊界,1.709,2.2,369,2025-11-13 20:02:33
583,超出邊界,2.004,5.3,332,2025-11-13 20:02:33
563,超時,1.339,7.0,427,2025-11-13 20:02:34
526,超時,1.137,7.1,467,2025-11-13 20:02:37
452,超時,0.66,7.2,602,2025-11-13 20:02:40
588,超時,1.848,7.3,351,2025-11-13 20:02:42
586,超時,1.206,7.2,453,2025-11-13 20:02:42
548,超出邊界,1.733,6.3,365,2025-11-13 20:02:46
573,超出邊界,1.761,5.4,362,2025-11-13 20:02:47
592,超時,0.928,7.1,518,2025-11-13 20:02:50
572,超時,0.798,7.0,556,2025-11-13 20:02:50
535,超時,1.032,7.0,492,2025-11-13 20:02:56
595,超出邊界,1.999,4.9,333,2025-11-13 20:02:56
461,超時,0.795,7.0,557,2025-11-13 20:02:57
597,超時,1.136,7.3,468,2025-11-13 20:02:59
557,超時,1.623,7.1,381,2025-11-13 20:03:01
582,超時,0.349,7.1,741,2025-11-13 20:03:05
581,超時,1.544,7.1,393,2025-11-13 20:03:05
601,超時,0.596,7.1,626,2025-11-13 20:03:07
544,超時,1.827,7.1,353,2025-11-13 20:03:10
470,超時,0.973,7.1,506,2025-11-13 20:03:12
604,超時,0.972,7.0,507,2025-11-13 20:03:13
606,超時,0.751,7.2,571,2025-11-13 20:03:15
566,超時,1.602,7.1,384,2025-11-13 20:03:18
591,超時,1.365,7.0,422,2025-11-13 20:03:19
610,超時,1.373,7.1,421,2025-11-13 20:03:21
590,超時,1.303,7.2,434,2025-11-13 20:03:21
613,超出邊界,1.226,3.6,449,2025-11-13 20:03:25
553,超時,0.96,7.1,510,2025-11-13 20:03:26
479,超時,1.357,7.1,424,2025-11-13 20:03:27
615,超時,0.819,7.2,549,2025-11-13 20:03:29
575,超時,1.321,7.1,430,2025-11-13 20:03:32
600,超時,1.568,7.2,389,2025-11-13 20:03:35
619,超出邊界,1.48,4.2,403,2025-11-13 20:03:35
599,超時,1.03,7.2,492,2025-11-13 20:03:36
585,超時,1.632,72.6,379,2025-11-13 20:03:37
622,超時,1.595,7.2,385,2025-11-13 20:03:40
562,超時,1.194,7.0,455,2025-11-13 20:03:42
628,超出邊界,1.543,0.3,393,2025-11-13 20:03:43
488,超時,2.101,7.1,322,2025-11-13 20:03:44
624,超時,1.373,7.1,421,2025-11-13 20:03:45
584,超時,0.433,7.1,697,2025-11-13 20:03:50
608,超出邊界,1.74,5.5,365,2025-11-13 20:03:50
594,超出邊界,1.437,3.2,410,2025-11-13 20:03:51
609,超時,1.434,7.3,410,2025-11-13 20:03:53
631,超時,1.587,7.1,386,2025-11-13 20:03:59
571,超時,1.537,7.3,394,2025-11-13 20:04:02
497,超時,1.053,7.5,487,2025-11-13 20:04:02
637,超時,1.312,7.1,432,2025-11-13 20:04:02
633,超時,0.934,7.3,517,2025-11-13 20:04:04
617,超時,1.01,7.2,497,2025-11-13 20:04:08
593,超時,1.72,7.3,367,2025-11-13 20:04:10
603,超時,1.453,7.5,407,2025-11-13 20:04:11
618,超時,1.525,7.0,396,2025-11-13 20:04:12
640,超時,1.491,7.1,401,2025-11-13 20:04:17
580,超時,1.755,7.1,363,2025-11-13 20:04:17
646,超時,1.551,7.2,391,2025-11-13 20:04:19
506,超時,1.364,7.1,423,2025-11-13 20:04:20
642,超時,1.01,7.2,497,2025-11-13 20:04:22
626,超時,1.624,7.2,381,2025-11-13 20:04:26
602,超時,1.16,7.0,462,2025-11-13 20:04:27
612,超時,1.102,7.1,475,2025-11-13 20:04:29
627,超時,0.57,7.2,637,2025-11-13 20:04:33
589,超時,1.583,7.0,387,2025-11-13 20:04:34
649,超時,1.34,7.1,427,2025-11-13 20:04:35
655,超出邊界,1.991,4.4,334,2025-11-13 20:04:35
515,超時,0.928,7.1,518,2025-11-13 20:04:36
651,超時,1.349,7.2,425,2025-11-13 20:04:39
611,超出邊界,1.551,4.7,391,2025-11-13 20:04:41
635,超時,0.511,7.1,661,2025-11-13 20:04:42
621,超時,1.462,7.1,406,2025-11-13 20:04:46
636,超時,1.29,7.0,436,2025-11-13 20:04:50
658,超時,1.362,7.4,423,2025-11-13 20:04:52
598,超時,1.58,7.1,387,2025-11-13 20:04:52
664,超時,1.459,7.1,406,2025-11-13 20:04:53
660,超時,1.056,7.1,486,2025-11-13 20:04:55
524,超時,1.06,7.1,485,2025-11-13 20:04:56
644,超出邊界,0.804,7.0,554,2025-11-13 20:04:58
620,超時,0.461,7.3,684,2025-11-13 20:04:59
630,超時,1.394,7.2,417,2025-11-13 20:05:02
645,超時,0.42,7.1,704,2025-11-13 20:05:06
667,抵達目標,0.189,5.5,840,2025-11-13 20:05:08
607,超時,0.482,7.0,674,2025-11-13 20:05:09
673,超時,1.481,7.2,403,2025-11-13 20:05:11
653,超出邊界,0.916,5.0,521,2025-11-13 20:05:12
533,超時,0.477,7.2,676,2025-11-13 20:05:12
669,超時,0.781,7.4,561,2025-11-13 20:05:13
639,抵達目標,0.232,3.0,811,2025-11-13 20:05:15
629,超時,1.148,7.0,465,2025-11-13 20:05:16
676,抵達目標,0.098,0.3,910,2025-11-13 20:05:18
654,超時,0.336,7.0,748,2025-11-13 20:05:23
662,超出邊界,2.191,2.7,313,2025-11-13 20:05:25
616,超時,1.014,7.0,496,2025-11-13 20:05:25
682,超時,1.106,7.0,474,2025-11-13 20:05:27
542,超時,1.073,7.2,482,2025-11-13 20:05:31
678,超時,0.898,7.0,526,2025-11-13 20:05:31
648,超時,1.023,7.3,494,2025-11-13 20:05:34
685,超出邊界,1.72,4.9,367,2025-11-13 20:05:35
638,超時,1.23,7.1,448,2025-11-13 20:05:35
663,超時,1.793,7.4,357,2025-11-13 20:05:38
671,超時,1.222,7.0,449,2025-11-13 20:05:39
691,超時,1.199,7.0,454,2025-11-13 20:05:43
625,超時,1.254,7.1,443,2025-11-13 20:05:43
694,超出邊界,1.83,0.2,353,2025-11-13 20:05:46
687,超時,0.844,7.0,542,2025-11-13 20:05:46
551,超時,0.973,7.0,506,2025-11-13 20:05:47
647,抵達目標,0.236,4.9,809,2025-11-13 20:05:48
657,抵達目標,0.235,6.8,809,2025-11-13 20:05:49
672,超時,0.751,7.4,571,2025-11-13 20:05:53
680,超時,1.241,7.2,446,2025-11-13 20:05:56
656,抵達目標,0.186,0.2,843,2025-11-13 20:05:58
634,超時,0.999,7.0,500,2025-11-13 20:05:59
700,超時,0.901,7.1,526,2025-11-13 20:06:00
703,超時,1.484,7.1,402,2025-11-13 20:06:01
696,超時,0.915,7.0,522,2025-11-13 20:06:02
560,超時,1.247,7.3,444,2025-11-13 20:06:03
666,超時,1.332,7.2,428,2025-11-13 20:06:05
689,超時,1.325,7.2,430,2025-11-13 20:06:13
665,超時,1.597,7.2,385,2025-11-13 20:06:14
709,超時,0.994,7.1,501,2025-11-13 20:06:16
643,超時,1.451,7.2,408,2025-11-13 20:06:16
712,超出邊界,1.747,7.1,364,2025-11-13 20:06:16
705,超時,1.606,7.2,383,2025-11-13 20:06:19
569,超時,1.184,7.0,457,2025-11-13 20:06:19
675,超時,1.126,7.1,470,2025-11-13 20:06:20
674,超出邊界,1.912,4.2,343,2025-11-13 20:06:29
698,超時,0.7,7.2,588,2025-11-13 20:06:29
652,超出邊界,1.609,4.2,383,2025-11-13 20:06:31
718,超時,1.792,7.1,358,2025-11-13 20:06:32
721,超時,1.898,7.1,345,2025-11-13 20:06:35
714,超時,1.411,7.0,414,2025-11-13 20:06:36
578,超時,0.983,7.3,504,2025-11-13 20:06:37
684,超時,1.07,7.1,483,2025-11-13 20:06:39
683,超時,1.083,7.2,480,2025-11-13 20:06:44
707,超時,1.524,7.4,396,2025-11-13 20:06:47
727,超時,0.862,7.1,536,2025-11-13 20:06:49
661,超時,1.576,7.1,388,2025-11-13 20:06:50
723,超出邊界,1.776,5.1,360,2025-11-13 20:06:51
730,超時,0.626,7.4,614,2025-11-13 20:06:53
587,超時,1.117,7.3,472,2025-11-13 20:06:56
693,超時,1.148,7.1,465,2025-11-13 20:06:57
681,超時,0.767,71.9,565,2025-11-13 20:06:58
692,超時,0.962,7.2,509,2025-11-13 20:07:05
716,超時,1.042,7.0,489,2025-11-13 20:07:05
736,超時,1.232,7.1,448,2025-11-13 20:07:07
670,超時,1.791,7.2,358,2025-11-13 20:07:09
732,超時,2.163,7.1,316,2025-11-13 20:07:11
739,超時,0.459,7.1,685,2025-11-13 20:07:12
596,超時,1.54,7.1,393,2025-11-13 20:07:14
690,超時,0.843,7.2,542,2025-11-13 20:07:15
702,超時,0.643,7.2,608,2025-11-13 20:07:17
701,超時,1.621,7.2,381,2025-11-13 20:07:22
725,超時,1.767,7.1,361,2025-11-13 20:07:23
745,超時,0.834,7.2,545,2025-11-13 20:07:25
679,超時,1.303,7.1,434,2025-11-13 20:07:26
741,超時,1.505,7.2,399,2025-11-13 20:07:30
748,超時,1.051,7.2,487,2025-11-13 20:07:30
605,超時,1.789,7.1,358,2025-11-13 20:07:32
699,超時,0.622,7.2,616,2025-11-13 20:07:34
711,超時,1.483,7.2,402,2025-11-13 20:07:34
710,超時,0.337,7.1,748,2025-11-13 20:07:38
734,超時,1.407,7.2,415,2025-11-13 20:07:40
688,超出邊界,1.811,3.5,355,2025-11-13 20:07:41
754,超時,1.14,7.3,467,2025-11-13 20:07:41
757,超時,1.522,7.1,396,2025-11-13 20:07:47
750,超時,1.529,7.1,395,2025-11-13 20:07:48
614,超時,1.99,7.1,334,2025-11-13 20:07:50
720,超時,1.37,7.0,421,2025-11-13 20:07:51
708,超時,0.51,7.1,662,2025-11-13 20:07:53
697,超出邊界,1.768,2.3,361,2025-11-13 20:07:53
719,超時,1.034,7.1,491,2025-11-13 20:07:54
763,超時,1.277,7.1,439,2025-11-13 20:07:57
706,超出邊界,1.781,0.3,359,2025-11-13 20:08:03
759,超時,0.954,7.2,511,2025-11-13 20:08:04
766,超時,1.382,7.1,419,2025-11-13 20:08:07
623,超時,1.683,7.0,372,2025-11-13 20:08:07
729,超時,0.531,7.2,653,2025-11-13 20:08:09
728,超時,1.035,7.3,491,2025-11-13 20:08:11
717,超時,0.638,7.0,610,2025-11-13 20:08:11
772,超時,1.551,7.2,392,2025-11-13 20:08:15
715,超時,1.259,7.0,442,2025-11-13 20:08:20
768,超時,1.165,7.2,461,2025-11-13 20:08:23
775,超時,1.738,7.1,365,2025-11-13 20:08:24
632,超時,0.373,7.1,728,2025-11-13 20:08:25
738,超時,0.664,7.0,601,2025-11-13 20:08:27
737,超時,0.469,7.3,680,2025-11-13 20:08:28
781,超出邊界,0.365,6.6,732,2025-11-13 20:08:31
747,超出邊界,0.692,0.2,591,2025-11-13 20:08:37
724,超時,1.708,7.1,369,2025-11-13 20:08:38
784,超時,0.859,7.0,537,2025-11-13 20:08:41
641,超時,1.601,7.1,384,2025-11-13 20:08:41
746,超時,0.802,7.2,555,2025-11-13 20:08:44
743,超時,1.139,72.8,467,2025-11-13 20:08:46
790,超時,1.026,7.0,493,2025-11-13 20:08:47
756,超出邊界,1.399,6.6,416,2025-11-13 20:08:53
733,超出邊界,1.718,7.2,367,2025-11-13 20:08:56
650,超時,1.691,7.1,371,2025-11-13 20:08:58
793,超時,0.528,7.1,654,2025-11-13 20:08:58
752,超時,1.271,7.1,440,2025-11-13 20:09:00
755,超時,1.419,7.2,413,2025-11-13 20:09:00
799,超時,2.079,7.1,324,2025-11-13 20:09:02
777,超時,0.92,7.1,520,2025-11-13 20:09:05
765,超時,1.502,7.3,399,2025-11-13 20:09:11
742,超出邊界,2.217,7.1,310,2025-11-13 20:09:12
659,超時,1.604,7.2,384,2025-11-13 20:09:14
726,超時,1.1,71.6,476,2025-11-13 20:09:16
764,超時,1.08,7.2,480,2025-11-13 20:09:17
802,超時,1.119,7.1,471,2025-11-13 20:09:17
761,超時,1.576,7.4,388,2025-11-13 20:09:18
808,超時,0.969,7.1,507,2025-11-13 20:09:19
786,超時,0.441,7.2,694,2025-11-13 20:09:23
774,超時,1.503,7.1,399,2025-11-13 20:09:27
751,超時,1.502,7.1,399,2025-11-13 20:09:31
668,超出邊界,2.383,6.7,295,2025-11-13 20:09:31
811,超時,1.305,7.2,433,2025-11-13 20:09:33
735,超出邊界,2.276,6.6,305,2025-11-13 20:09:34
817,超出邊界,2.335,5.8,299,2025-11-13 20:09:35
773,超時,1.727,7.3,366,2025-11-13 20:09:35
795,超時,0.589,7.3,629,2025-11-13 20:09:40
783,超出邊界,1.8,4.7,357,2025-11-13 20:09:42
760,超時,0.811,7.1,552,2025-11-13 20:09:48
744,超時,2.287,44.2,304,2025-11-13 20:10:11
820,超時,1.368,46.1,422,2025-11-13 20:10:11
782,超時,1.696,46.3,370,2025-11-13 20:10:15
677,超時,2.413,50.0,293,2025-11-13 20:10:15
826,超時,2.424,45.4,292,2025-11-13 20:10:15
770,超時,1.26,74.5,442,2025-11-13 20:10:25
804,超時,0.531,73.0,653,2025-11-13 20:10:45
792,超時,1.896,69.7,345,2025-11-13 20:10:47
769,超時,0.762,70.8,567,2025-11-13 20:10:51
753,超時,2.287,107.5,304,2025-11-13 20:11:15
829,超時,1.368,110.5,422,2025-11-13 20:11:16
791,超時,1.696,110.2,370,2025-11-13 20:11:18
686,超時,2.413,114.5,293,2025-11-13 20:11:19
835,超時,2.424,110.5,292,2025-11-13 20:11:20
779,超時,1.259,138.0,442,2025-11-13 20:11:29
813,超時,0.528,137.8,654,2025-11-13 20:11:50
801,超時,1.896,135.4,345,2025-11-13 20:11:53
778,超時,0.759,134.9,568,2025-11-13 20:11:56
762,超時,2.288,171.5,304,2025-11-13 20:12:19
838,超時,1.369,174.5,422,2025-11-13 20:12:20
800,超時,1.696,175.3,370,2025-11-13 20:12:23
695,超時,2.413,179.2,293,2025-11-13 20:12:24
844,超時,2.424,176.2,292,2025-11-13 20:12:25
788,超時,1.258,201.9,442,2025-11-13 20:12:33
822,超時,0.525,201.8,655,2025-11-13 20:12:54
810,超時,1.897,200.6,345,2025-11-13 20:12:58
787,超時,0.756,199.7,569,2025-11-13 20:13:00
771,超時,2.288,235.1,304,2025-11-13 20:13:22
847,超時,1.369,238.2,422,2025-11-13 20:13:24
809,超時,1.696,239.5,370,2025-11-13 20:13:28
704,超時,2.413,243.7,293,2025-11-13 20:13:28
853,超時,2.424,240.8,292,2025-11-13 20:13:30
797,超時,1.257,265.4,443,2025-11-13 20:13:36
831,超時,0.522,265.1,656,2025-11-13 20:13:58
819,超時,1.897,265.6,345,2025-11-13 20:14:03
796,超時,0.753,263.9,570,2025-11-13 20:14:05
780,超時,2.288,298.7,304,2025-11-13 20:14:26
856,超時,1.369,302.0,422,2025-11-13 20:14:27
818,超時,1.696,302.9,370,2025-11-13 20:14:31
713,超時,2.413,308.1,293,2025-11-13 20:14:33
862,超時,2.424,305.2,292,2025-11-13 20:14:34
806,超時,1.256,328.9,443,2025-11-13 20:14:40
840,超時,0.519,329.5,658,2025-11-13 20:15:02
828,超時,1.897,330.8,345,2025-11-13 20:15:08
805,超時,0.75,328.4,571,2025-11-13 20:15:09
789,超時,2.288,362.4,304,2025-11-13 20:15:30
865,超時,1.369,366.2,422,2025-11-13 20:15:32
827,超時,1.696,367.4,370,2025-11-13 20:15:36
722,超時,2.413,372.9,293,2025-11-13 20:15:37
871,超時,2.424,369.9,292,2025-11-13 20:15:39
815,超時,1.255,393.2,443,2025-11-13 20:15:44
849,超時,0.517,393.6,659,2025-11-13 20:16:06
837,超時,1.897,395.8,345,2025-11-13 20:16:13
814,超時,0.747,393.5,572,2025-11-13 20:16:14
798,超時,2.288,426.7,304,2025-11-13 20:16:34
874,超時,1.369,430.5,422,2025-11-13 20:16:36
836,超時,1.696,431.7,370,2025-11-13 20:16:40
731,超時,2.413,437.0,293,2025-11-13 20:16:42
880,超時,2.424,434.4,292,2025-11-13 20:16:44
824,超時,1.254,457.7,443,2025-11-13 20:16:49
858,超時,0.514,457.4,660,2025-11-13 20:17:10
846,超時,1.897,459.9,345,2025-11-13 20:17:17
823,超時,0.744,458.3,573,2025-11-13 20:17:19
807,超時,2.288,490.6,304,2025-11-13 20:17:38
883,超時,1.369,494.6,422,2025-11-13 20:17:40
845,超時,1.696,496.1,370,2025-11-13 20:17:44
740,超時,2.413,501.1,293,2025-11-13 20:17:46
889,超時,2.424,499.1,292,2025-11-13 20:17:48
833,超時,1.253,521.9,443,2025-11-13 20:17:53
867,超時,0.511,521.6,661,2025-11-13 20:18:14
855,超時,1.897,524.1,345,2025-11-13 20:18:22
832,超時,0.74,522.5,574,2025-11-13 20:18:23
816,超時,2.288,555.0,304,2025-11-13 20:18:42
892,超時,1.369,558.7,422,2025-11-13 20:18:44
854,超時,1.696,560.2,370,2025-11-13 20:18:48
749,超時,2.413,565.8,293,2025-11-13 20:18:50
898,超時,2.424,563.9,292,2025-11-13 20:18:53
842,超時,1.253,586.1,443,2025-11-13 20:18:57
5,超出邊界,1.903,3.3,344,2025-11-13 20:32:53
6,超出邊界,1.929,4.9,341,2025-11-13 20:32:56
7,超出邊界,1.897,5.7,345,2025-11-13 20:32:57
8,超出邊界,1.938,7.0,340,2025-11-13 20:32:58
9,超時,0.701,7.2,587,2025-11-13 20:33:00
15,超出邊界,2.264,5.3,306,2025-11-13 20:33:06
17,超出邊界,1.863,3.7,349,2025-11-13 20:33:08
16,超時,1.994,7.2,334,2025-11-13 20:33:11
4,超出邊界,1.649,1.4,377,2025-11-13 20:33:20
26,超時,0.781,7.1,561,2025-11-13 20:33:21
25,超時,1.152,7.2,464,2025-11-13 20:33:24
35,超出邊界,1.808,4.8,356,2025-11-13 20:33:32
13,超時,1.713,7.1,368,2025-11-13 20:33:32
34,超時,1.163,7.0,462,2025-11-13 20:33:37
22,超出邊界,1.747,1.2,363,2025-11-13 20:33:40
18,超時,1.175,7.2,459,2025-11-13 20:33:42
31,超出邊界,1.829,2.3,353,2025-11-13 20:33:47
24,超時,0.682,7.2,594,2025-11-13 20:33:49
43,超時,1.669,7.1,374,2025-11-13 20:33:50
27,超出邊界,1.834,2.5,352,2025-11-13 20:33:51
40,超出邊界,2.158,3.4,316,2025-11-13 20:33:57
14,超時,1.981,67.3,335,2025-11-13 20:33:57
33,超時,1.214,7.1,451,2025-11-13 20:34:02
52,超時,0.585,7.3,630,2025-11-13 20:34:03
36,超時,0.329,7.2,752,2025-11-13 20:34:04
49,超時,1.28,7.2,438,2025-11-13 20:34:09
23,超時,0.993,7.2,501,2025-11-13 20:34:10
42,抵達目標,0.229,5.0,813,2025-11-13 20:34:13
44,超時,0.534,7.1,651,2025-11-13 20:34:15
45,超出邊界,2.219,5.6,310,2025-11-13 20:34:16
58,超出邊界,1.738,5.9,365,2025-11-13 20:34:22
32,超出邊界,1.828,5.9,353,2025-11-13 20:34:23
54,抵達目標,0.222,2.7,818,2025-11-13 20:34:25
51,超時,0.29,7.0,775,2025-11-13 20:34:27
53,超時,1.041,7.2,489,2025-11-13 20:34:29
67,超時,1.063,7.2,484,2025-11-13 20:34:36
41,超時,0.738,7.0,575,2025-11-13 20:34:38
63,超時,1.838,7.1,352,2025-11-13 20:34:39
60,超時,0.974,7.0,506,2025-11-13 20:34:39
62,超時,1.191,7.1,456,2025-11-13 20:34:41
76,超時,1.028,7.1,493,2025-11-13 20:34:50
50,超時,1.413,7.1,414,2025-11-13 20:34:52
72,超時,1.148,7.0,465,2025-11-13 20:34:53
69,超時,0.858,7.2,538,2025-11-13 20:34:53
81,超出邊界,2.084,1.7,324,2025-11-13 20:35:03
85,超時,1.63,7.1,380,2025-11-13 20:35:03
59,超出邊界,1.926,5.5,341,2025-11-13 20:35:04
78,超出邊界,1.756,3.9,362,2025-11-13 20:35:04
61,超時,1.491,70.8,401,2025-11-13 20:35:07
68,超出邊界,2.114,0.2,321,2025-11-13 20:35:12
90,超出邊界,1.798,6.5,357,2025-11-13 20:35:16
94,超時,1.209,7.2,452,2025-11-13 20:35:17
87,超出邊界,1.996,6.9,333,2025-11-13 20:35:18
70,超時,0.833,7.1,545,2025-11-13 20:35:20
77,超時,0.988,7.1,503,2025-11-13 20:35:25
99,超出邊界,2.122,3.5,320,2025-11-13 20:35:25
103,超時,1.431,7.1,411,2025-11-13 20:35:30
96,超出邊界,1.898,7.2,345,2025-11-13 20:35:32
79,超時,0.456,7.1,686,2025-11-13 20:35:33
86,超時,1.666,7.2,375,2025-11-13 20:35:38
108,超時,0.672,7.1,598,2025-11-13 20:35:39
112,超出邊界,1.298,4.0,435,2025-11-13 20:35:41
105,超出邊界,1.527,3.6,395,2025-11-13 20:35:42
71,超時,0.959,70.2,510,2025-11-13 20:35:45
95,超出邊界,1.648,2.7,377,2025-11-13 20:35:47
88,超時,1.697,7.2,370,2025-11-13 20:35:47
117,超出邊界,2.178,7.1,314,2025-11-13 20:35:53
121,超時,1.221,7.2,450,2025-11-13 20:35:54
114,超時,0.869,7.1,535,2025-11-13 20:35:55
104,超出邊界,1.969,4.3,336,2025-11-13 20:35:58
80,超時,1.593,7.3,385,2025-11-13 20:35:58
97,超時,0.941,7.0,515,2025-11-13 20:36:01
126,超出邊界,1.739,4.0,365,2025-11-13 20:36:05
113,抵達目標,0.248,2.8,801,2025-11-13 20:36:07
130,超時,0.609,7.1,621,2025-11-13 20:36:08
123,超出邊界,0.955,7.2,511,2025-11-13 20:36:09
89,超時,0.32,7.2,757,2025-11-13 20:36:12
106,超時,0.315,7.1,760,2025-11-13 20:36:14
122,超出邊界,0.465,6.0,682,2025-11-13 20:36:18
139,超時,1.318,7.1,431,2025-11-13 20:36:22
132,超時,1.141,7.0,467,2025-11-13 20:36:23
98,超時,1.856,7.0,350,2025-11-13 20:36:24
115,超時,0.772,7.2,564,2025-11-13 20:36:28
131,超時,1.28,7.2,438,2025-11-13 20:36:32
141,超出邊界,1.999,4.8,333,2025-11-13 20:36:34
148,超時,1.015,7.0,496,2025-11-13 20:36:35
107,超時,0.321,7.2,756,2025-11-13 20:36:37
124,超時,0.832,7.0,545,2025-11-13 20:36:41
116,超出邊界,2.261,1.4,306,2025-11-13 20:36:45
140,超時,1.264,7.1,441,2025-11-13 20:36:45
150,抵達目標,0.229,5.1,813,2025-11-13 20:36:46
157,超時,0.63,7.2,613,2025-11-13 20:36:50
133,超出邊界,0.734,2.7,576,2025-11-13 20:36:52
125,超時,1.511,7.2,398,2025-11-13 20:36:58
149,超時,1.261,7.1,442,2025-11-13 20:36:59
159,超時,0.895,7.2,527,2025-11-13 20:37:00
166,超出邊界,1.941,7.1,340,2025-11-13 20:37:03
142,超時,1.336,7.1,428,2025-11-13 20:37:05
158,超出邊界,2.192,2.1,313,2025-11-13 20:37:07
135,超時,1.534,68.3,394,2025-11-13 20:37:09
134,超時,0.871,7.1,534,2025-11-13 20:37:12
175,超出邊界,1.914,5.5,343,2025-11-13 20:37:15
167,超出邊界,1.832,2.2,353,2025-11-13 20:37:16
168,超時,1.19,7.1,456,2025-11-13 20:37:16
144,超出邊界,1.742,2.6,364,2025-11-13 20:37:17
151,超時,1.298,7.1,435,2025-11-13 20:37:20
177,超出邊界,2.338,1.4,299,2025-11-13 20:37:24
143,超時,1.753,7.0,363,2025-11-13 20:37:26
184,超時,0.388,7.2,720,2025-11-13 20:37:28
153,超出邊界,0.661,4.9,602,2025-11-13 20:37:28
160,超時,0.825,7.1,547,2025-11-13 20:37:32
186,超時,1.176,7.2,459,2025-11-13 20:37:38
152,超時,1.62,7.1,381,2025-11-13 20:37:39
162,超出邊界,1.081,4.7,480,2025-11-13 20:37:40
193,超時,0.624,7.2,615,2025-11-13 20:37:41
169,超時,1.178,7.1,459,2025-11-13 20:37:45
195,超時,0.804,7.0,554,2025-11-13 20:37:51
161,超時,0.76,7.1,568,2025-11-13 20:37:53
171,超出邊界,1.932,4.3,341,2025-11-13 20:37:53
176,抵達目標,0.246,6.9,802,2025-11-13 20:37:57
180,超出邊界,1.744,3.0,364,2025-11-13 20:38:03
204,超時,0.659,7.0,602,2025-11-13 20:38:06
170,超時,2.1,7.1,322,2025-11-13 20:38:07
185,超時,0.731,7.0,577,2025-11-13 20:38:12
189,超出邊界,0.625,4.7,615,2025-11-13 20:38:14
213,超出邊界,1.045,4.5,489,2025-11-13 20:38:16
179,超出邊界,1.093,6.0,477,2025-11-13 20:38:21
202,超時,0.512,7.0,661,2025-11-13 20:38:23
198,超出邊界,0.903,4.2,525,2025-11-13 20:38:25
194,超時,1.517,7.2,397,2025-11-13 20:38:26
178,超時,0.922,7.0,520,2025-11-13 20:38:27
222,超時,1.314,7.1,432,2025-11-13 20:38:30
211,超出邊界,1.719,5.7,367,2025-11-13 20:38:35
188,超時,1.702,7.3,370,2025-11-13 20:38:36
231,抵達目標,0.225,1.9,816,2025-11-13 20:38:38
207,超時,1.337,7.1,427,2025-11-13 20:38:39
203,超時,0.735,7.2,576,2025-11-13 20:38:39
187,超時,1.323,7.1,430,2025-11-13 20:38:42
220,超出邊界,1.9,6.1,344,2025-11-13 20:38:48
197,超時,0.74,7.2,574,2025-11-13 20:38:50
216,超出邊界,1.772,5.2,360,2025-11-13 20:38:52
212,超出邊界,1.979,5.8,335,2025-11-13 20:38:53
240,超時,0.441,7.2,693,2025-11-13 20:38:53
229,超出邊界,1.305,2.4,433,2025-11-13 20:38:56
196,超時,1.04,7.0,490,2025-11-13 20:38:56
225,超出邊界,1.912,0.3,343,2025-11-13 20:38:58
221,超出邊界,1.898,0.3,345,2025-11-13 20:39:00
206,超時,0.603,7.2,623,2025-11-13 20:39:03
238,超出邊界,1.361,0.2,423,2025-11-13 20:39:04
249,超時,1.355,7.0,424,2025-11-13 20:39:07
205,超時,0.224,7.0,816,2025-11-13 20:39:11
230,超時,0.909,7.1,523,2025-11-13 20:39:14
215,超時,0.754,7.2,570,2025-11-13 20:39:17
258,超出邊界,1.903,3.3,344,2025-11-13 20:39:17
247,超時,0.423,7.2,702,2025-11-13 20:39:18
239,超出邊界,1.734,2.8,365,2025-11-13 20:39:23
214,超時,0.727,7.2,578,2025-11-13 20:39:25
256,超時,1.722,7.0,367,2025-11-13 20:39:31
267,超時,0.304,7.1,766,2025-11-13 20:39:32
248,超時,1.441,7.1,409,2025-11-13 20:39:36
223,超時,1.207,7.1,453,2025-11-13 20:39:38
265,超時,0.381,7.1,724,2025-11-13 20:39:44
276,超時,1.349,7.2,425,2025-11-13 20:39:46
257,超時,0.577,7.2,634,2025-11-13 20:39:50
232,超時,1.175,7.1,459,2025-11-13 20:39:53
224,抵達目標,0.249,2.1,800,2025-11-13 20:39:54
274,超時,0.808,7.1,553,2025-11-13 20:39:58
285,超時,1.528,7.1,395,2025-11-13 20:40:00
241,超出邊界,2.045,1.2,328,2025-11-13 20:40:00
233,抵達目標,0.101,0.3,908,2025-11-13 20:40:00
234,超時,1.474,63.9,404,2025-11-13 20:40:02
266,超時,0.541,7.2,648,2025-11-13 20:40:03
283,超出邊界,2.163,3.4,316,2025-11-13 20:40:08
250,超出邊界,1.873,2.4,348,2025-11-13 20:40:10
242,超出邊界,1.439,2.8,409,2025-11-13 20:40:11
294,超時,0.877,7.1,532,2025-11-13 20:40:13
243,超出邊界,2.218,6.5,310,2025-11-13 20:40:15
275,超時,0.573,7.1,635,2025-11-13 20:40:18
251,超出邊界,1.511,0.3,398,2025-11-13 20:40:20
292,超出邊界,1.079,5.6,480,2025-11-13 20:40:21
259,抵達目標,0.247,6.2,801,2025-11-13 20:40:24
303,超時,1.231,7.1,448,2025-11-13 20:40:27
252,超時,1.591,7.1,385,2025-11-13 20:40:30
284,超時,1.154,7.2,464,2025-11-13 20:40:33
301,超時,1.304,7.2,433,2025-11-13 20:40:35
268,超時,0.654,7.1,604,2025-11-13 20:40:37
312,超出邊界,0.884,5.1,530,2025-11-13 20:40:38
261,超出邊界,1.128,4.7,469,2025-11-13 20:40:41
293,抵達目標,0.208,3.6,827,2025-11-13 20:40:44
310,抵達目標,0.24,4.8,806,2025-11-13 20:40:46
277,超出邊界,1.842,4.3,351,2025-11-13 20:40:48
321,超時,1.356,7.1,424,2025-11-13 20:40:52
270,超時,0.64,7.1,609,2025-11-13 20:40:56
302,超時,0.315,7.2,760,2025-11-13 20:40:58
319,抵達目標,0.238,4.8,807,2025-11-13 20:40:58
286,超出邊界,1.724,3.2,367,2025-11-13 20:40:59
260,超時,1.454,7.2,407,2025-11-13 20:41:02
330,超時,0.336,7.0,748,2025-11-13 20:41:05
279,超出邊界,1.731,4.2,366,2025-11-13 20:41:09
295,超出邊界,0.561,4.3,640,2025-11-13 20:41:10
311,超時,1.176,7.0,459,2025-11-13 20:41:12
328,超時,1.437,7.1,410,2025-11-13 20:41:14
339,超出邊界,2.256,2.7,307,2025-11-13 20:41:14
269,超時,0.874,7.0,533,2025-11-13 20:41:18
304,超出邊界,2.215,1.7,311,2025-11-13 20:41:19
288,超出邊界,0.36,7.2,735,2025-11-13 20:41:23
320,超時,1.6,7.0,384,2025-11-13 20:41:25
337,超出邊界,2.211,5.8,311,2025-11-13 20:41:26
348,超時,1.362,7.2,423,2025-11-13 20:41:29
278,超時,1.196,7.2,455,2025-11-13 20:41:32
313,超時,1.514,7.2,397,2025-11-13 20:41:33
297,超出邊界,1.568,3.4,389,2025-11-13 20:41:33
346,抵達目標,0.25,2.4,800,2025-11-13 20:41:35
329,超時,0.521,7.1,657,2025-11-13 20:41:39
357,超時,0.993,7.1,501,2025-11-13 20:41:43
287,超時,1.738,7.1,365,2025-11-13 20:41:45
306,超出邊界,2.396,4.5,294,2025-11-13 20:41:46
322,超時,1.115,7.0,472,2025-11-13 20:41:47
355,超時,0.489,7.1,671,2025-11-13 20:41:49
366,超時,1.05,7.2,487,2025-11-13 20:41:58
296,超時,1.006,7.1,498,2025-11-13 20:41:59
331,超出邊界,0.714,5.8,583,2025-11-13 20:42:00
315,超時,1.754,7.2,363,2025-11-13 20:42:00
364,超出邊界,1.93,5.3,341,2025-11-13 20:42:01
375,超出邊界,0.482,3.6,674,2025-11-13 20:42:08
324,超出邊界,1.709,3.3,369,2025-11-13 20:42:10
305,抵達目標,0.209,3.9,827,2025-11-13 20:42:10
340,超時,1.106,7.2,474,2025-11-13 20:42:13
373,超時,0.861,7.2,537,2025-11-13 20:42:15
333,超出邊界,1.746,1.9,364,2025-11-13 20:42:19
338,超時,2.035,7.1,329,2025-11-13 20:42:21
384,超時,1.614,7.1,382,2025-11-13 20:42:23
314,超時,0.591,7.2,628,2025-11-13 20:42:24
342,超出邊界,1.843,0.3,351,2025-11-13 20:42:25
349,超時,1.055,7.0,486,2025-11-13 20:42:28
382,超時,0.751,7.0,571,2025-11-13 20:42:29
347,超時,0.731,7.2,577,2025-11-13 20:42:37
393,超時,1.299,7.1,434,2025-11-13 20:42:37
323,超時,1.311,7.0,432,2025-11-13 20:42:39
351,超時,1.26,7.1,442,2025-11-13 20:42:39
358,超時,1.103,7.1,475,2025-11-13 20:42:42
391,超時,0.903,7.0,525,2025-11-13 20:42:43
356,超時,1.121,7.1,471,2025-11-13 20:42:50
402,超時,0.905,7.2,525,2025-11-13 20:42:53
360,超時,1.257,7.2,442,2025-11-13 20:42:53
332,超時,0.917,7.1,521,2025-11-13 20:42:54
367,抵達目標,0.237,6.0,808,2025-11-13 20:42:54
400,超出邊界,1.889,5.1,346,2025-11-13 20:42:56
411,超出邊界,1.869,2.3,348,2025-11-13 20:43:02
365,超時,1.652,7.0,377,2025-11-13 20:43:04
369,超出邊界,2.204,5.8,312,2025-11-13 20:43:07
341,超時,0.208,7.0,828,2025-11-13 20:43:08
409,超時,0.45,7.2,689,2025-11-13 20:43:09
420,超出邊界,1.801,4.3,356,2025-11-13 20:43:12
374,超出邊界,1.843,2.0,351,2025-11-13 20:43:13
378,超出邊界,2.133,4.0,319,2025-11-13 20:43:17
418,超出邊界,0.867,6.7,535,2025-11-13 20:43:23
350,超時,0.802,7.2,554,2025-11-13 20:43:25
429,超時,0.64,7.2,609,2025-11-13 20:43:28
387,超時,0.781,7.1,561,2025-11-13 20:43:31
427,超出邊界,1.999,2.7,333,2025-11-13 20:43:34
396,超出邊界,1.876,3.8,347,2025-11-13 20:43:43
383,超時,1.606,7.1,383,2025-11-13 20:43:54
376,超時,1.458,70.5,406,2025-11-13 20:43:59
438,超出邊界,2.216,1.8,310,2025-11-13 20:44:05
447,超時,0.657,7.2,603,2025-11-13 20:44:18
405,超出邊界,0.507,5.0,663,2025-11-13 20:44:22
359,超時,0.497,73.2,667,2025-11-13 20:44:31
456,超出邊界,1.744,6.8,364,2025-11-13 20:44:31
414,超時,0.463,7.1,683,2025-11-13 20:44:37
436,超時,1.665,66.8,375,2025-11-13 20:44:38
465,超出邊界,1.82,0.2,354,2025-11-13 20:44:40
368,抵達目標,0.25,2.6,800,2025-11-13 20:44:42
474,超出邊界,1.724,3.6,367,2025-11-13 20:44:50
445,超時,0.895,7.1,527,2025-11-13 20:44:52
377,超時,0.448,7.0,690,2025-11-13 20:44:56
454,超出邊界,2.194,1.2,313,2025-11-13 20:45:01
385,超時,1.189,135.6,456,2025-11-13 20:45:04
386,抵達目標,0.215,3.2,823,2025-11-13 20:45:07
463,超出邊界,2.221,0.2,310,2025-11-13 20:45:08
394,超時,1.308,7.1,433,2025-11-13 20:45:18
423,超時,0.829,7.1,546,2025-11-13 20:45:19
395,超時,1.239,7.2,446,2025-11-13 20:45:22
472,超時,1.43,7.2,411,2025-11-13 20:45:23
392,超時,0.699,99.2,588,2025-11-13 20:45:26
483,抵達目標,0.245,4.0,803,2025-11-13 20:45:29
403,超時,0.622,7.2,616,2025-11-13 20:45:31
481,超時,1.779,7.2,359,2025-11-13 20:45:38
404,超時,1.713,7.1,368,2025-11-13 20:45:39
401,超時,1.543,7.1,393,2025-11-13 20:45:43
492,超出邊界,1.813,4.7,355,2025-11-13 20:45:43
412,超時,0.897,7.2,527,2025-11-13 20:45:48
490,超時,1.174,7.0,460,2025-11-13 20:45:53
413,超時,0.782,7.2,561,2025-11-13 20:45:54
421,超出邊界,1.738,3.0,365,2025-11-13 20:45:58
410,超時,1.287,7.2,437,2025-11-13 20:45:58
499,超時,1.848,7.0,351,2025-11-13 20:46:08
430,超出邊界,1.979,1.7,335,2025-11-13 20:46:08
422,超時,1.386,7.2,419,2025-11-13 20:46:09
419,超時,1.153,7.0,464,2025-11-13 20:46:13
